ano,municipio,homicidio,gastos_educacao,renda_setor_formal,gastos_seguranca_publica
2014,1,14.92,639.7,1371.68,1.44
2014,2,17.63,419.22,1235.92,2.81
2014,3,7.51,450.61,1139.13,2.45
2014,4,102.04,865.9,1092.2,7.09
2014,5,9.73,418.52,1106.98,4.38
2014,6,32.91,363.73,1048.86,0.78
2014,7,0.0,886.99,1707.08,13.04
2014,8,24.67,748.93,1122.88,10.64
2014,9,37.88,303.51,1295.46,6.02
2014,10,0.0,283.49,1015.48,3.24
2014,11,40.07,334.6,1300.16,65.6
2014,12,0.0,595.31,1271.22,4.13
2014,13,36.91,842.76,1374.54,6.82
2014,15,5.82,342.76,1310.17,4.73
2014,16,5.42,442.83,1914.03,4.15
2014,17,16.46,568.73,1149.74,3.46
2014,18,15.47,414.91,1275.4,5.78
2014,19,27.89,526.08,1137.99,1.63
2014,20,27.04,396.17,1301.52,3.13
2014,21,14.58,517.17,1149.34,3.49
2014,22,0.0,646.54,1207.2,5.09
2014,23,0.0,462.46,1271.15,1.62
2014,24,0.0,372.37,1182.79,1.77
2014,25,22.5,361.41,1069.53,8.33
2014,26,0.0,331.52,1253.49,3.02
2014,27,0.0,2061.25,1462.34,8.96
2014,28,19.79,551.09,1133.06,6.17
2014,30,8.21,399.24,1077.27,0.86
2014,31,0.0,744.58,1191.37,0.01
2014,33,20.91,600.38,1496.49,6.1
2014,34,0.0,566.23,1490.62,6.18
2014,35,89.17,1020.75,1207.25,8.29
2014,36,0.0,421.08,1281.92,8.55
2014,37,24.99,332.77,1279.14,2.86
2014,38,20.04,279.85,1576.36,1.15
2014,40,0.0,339.29,1193.5,5.2
2014,42,0.0,872.2,1399.23,8.65
2014,43,25.37,576.0,1146.28,2.29
2014,44,8.54,393.78,2034.07,28.09
2014,46,5.46,499.9,1627.35,3.85
2014,47,0.0,533.94,1237.59,6.09
2014,50,16.97,654.07,1369.37,3.45
2014,52,55.34,347.29,1218.49,1.96
2014,53,0.0,740.42,1063.33,4.03
2014,55,12.64,487.07,1396.35,3.43
2014,56,4.4,451.74,1462.13,2.15
2014,57,0.0,604.68,1143.12,2.95
2014,58,0.0,665.54,1066.98,4.66
2014,59,7.03,634.0,1787.45,6.51
2014,60,0.0,678.19,996.06,6.61
2014,61,4.75,300.56,1676.75,31.42
2014,62,16.28,457.32,1110.66,4.29
2014,63,10.2,535.94,1958.88,2.22
2014,64,10.0,564.3,1453.93,10.77
2014,66,28.38,570.63,2860.34,40.47
2014,67,38.47,758.8,2134.9,1.89
2014,68,0.0,871.05,1365.7,7.53
2014,69,0.0,504.63,1435.84,2.57
2014,71,0.0,450.23,1140.35,3.75
2014,72,55.81,711.54,2648.51,4.69
2014,73,26.36,582.01,1247.72,2.15
2014,74,7.32,425.05,1073.7,5.4
2014,75,38.02,596.89,1242.56,9.36
2014,76,10.39,415.35,1229.83,2.73
2014,78,21.43,326.06,1254.39,0.5
2014,82,0.0,585.51,1231.78,3.0
2014,83,0.0,327.52,1059.44,2.81
2014,85,0.0,522.18,1232.64,2.05
2014,86,0.0,484.16,1122.65,1.09
2014,87,0.0,664.46,1383.35,9.81
2014,89,0.0,507.53,1253.21,2.63
2014,90,6.7,476.96,1221.0,6.44
2014,92,0.0,577.86,1075.99,4.09
2014,93,14.06,479.87,1437.37,10.11
2014,94,9.61,314.86,1246.04,1.24
2014,95,13.64,680.71,1314.39,2.32
2014,96,0.0,386.24,1183.24,3.33
2014,97,52.98,923.84,2126.69,0.31
2014,99,38.87,470.3,1041.22,6.17
2014,100,50.1,503.68,975.75,5.39
2014,101,39.58,877.69,1553.9,9.08
2014,102,29.72,438.2,1306.34,2.56
2014,103,15.5,911.93,1607.9,11.91
2014,104,0.0,460.12,1160.47,3.79
2014,105,54.73,677.26,1153.21,4.82
2014,107,0.0,625.53,1120.08,0.27
2014,108,0.0,1289.02,1724.22,3.98
2014,109,29.36,411.35,1265.56,4.78
2014,110,7.36,398.47,1466.83,8.45
2014,111,20.13,541.9,1148.39,6.99
2014,114,31.71,772.59,1510.49,7.37
2014,115,18.98,647.4,1496.77,9.65
2014,116,3.78,500.75,1384.93,3.28
2014,117,7.94,495.71,1106.67,1.77
2014,118,0.0,672.52,1044.08,4.36
2014,119,12.96,389.47,1178.78,4.35
2014,120,0.0,513.32,1205.78,3.09
2014,121,10.35,517.22,1311.01,1.82
2014,122,27.14,837.84,1094.95,6.92
2014,123,15.52,340.33,1225.88,4.44
2014,124,26.14,455.61,1157.96,2.75
2014,126,35.2,371.49,1411.81,4.48
2014,127,10.87,368.46,1137.71,3.64
2014,128,0.0,496.37,1251.55,1.9
2014,129,43.22,528.93,1060.96,3.98
2014,130,26.4,458.79,1164.27,2.31
2014,131,13.7,382.31,1169.32,3.02
2014,132,23.84,463.35,1051.24,3.33
2014,133,0.0,547.96,1358.48,3.36
2014,134,0.0,434.33,1308.16,3.14
2014,135,11.49,406.55,1198.21,1.51
2014,136,14.11,490.9,1151.31,0.35
2014,137,22.52,387.81,1102.47,2.77
2014,138,26.16,401.77,1377.95,0.63
2014,139,0.0,463.37,1013.8,3.19
2014,140,7.04,522.47,1173.65,8.74
2014,141,12.22,670.82,1375.17,3.62
2014,142,22.15,458.36,983.59,1.91
2014,143,4.48,439.55,1277.95,2.89
2014,144,0.0,663.08,1224.01,3.64
2014,145,4.28,564.86,1326.36,0.01
2014,146,40.25,284.33,1221.3,3.6
2014,147,15.25,326.14,1296.23,9.6
2014,148,32.79,546.98,1340.97,1.37
2014,149,0.0,527.6,1177.71,6.12
2014,150,29.9,441.17,1202.99,1.98
2014,151,0.0,823.9,1464.81,3.78
2014,152,0.0,662.38,1032.97,4.68
2014,153,27.45,430.35,1413.18,2.26
2014,156,10.09,394.78,1439.75,1.43
2014,157,0.0,528.54,1212.06,2.14
2014,158,5.87,470.92,1292.32,2.24
2014,160,0.0,664.54,1240.51,5.83
2014,164,70.0,982.13,1236.02,7.74
2014,165,5.74,431.82,1310.14,2.57
2014,166,8.6,377.49,1485.3,0.53
2014,167,20.64,1460.46,1690.26,3.72
2014,168,0.0,541.04,1097.38,10.2
2014,169,0.0,812.3,1031.82,5.18
2014,170,19.6,694.78,1074.67,2.6
2014,172,0.0,1317.54,1401.96,10.4
2014,178,9.25,616.42,1407.55,12.49
2014,179,0.0,1124.42,1242.91,10.32
2014,180,0.0,321.44,1189.12,3.04
2014,181,0.0,712.47,1270.08,5.3
2014,182,0.0,390.52,1067.71,3.63
2014,183,31.04,531.42,1324.07,2.8
2014,184,28.35,408.35,1212.94,0.04
2014,185,22.16,403.54,1064.11,1.59
2014,188,10.18,498.72,1161.68,21.17
2014,189,0.0,495.76,1201.16,5.6
2014,190,21.7,603.11,2300.44,4.89
2014,191,0.0,603.72,1225.61,8.92
2014,192,0.0,522.56,1331.17,5.94
2014,193,44.67,694.78,3339.33,16.82
2014,194,0.0,647.82,2138.07,4.63
2014,196,0.0,449.44,1174.61,3.59
2014,197,28.17,602.2,1050.22,3.17
2014,198,67.39,889.04,2861.06,8.18
2014,199,0.0,366.36,1319.94,2.51
2014,200,14.43,918.86,2225.06,52.89
2014,201,0.0,425.39,1145.7,5.76
2014,203,11.16,327.56,1465.72,10.55
2014,204,17.98,413.92,1421.59,4.58
2014,205,0.0,856.51,1606.07,12.09
2014,206,40.43,478.45,1991.32,0.28
2014,207,10.77,432.08,1053.93,1.59
2014,208,23.05,290.91,1234.46,0.15
2014,209,11.54,272.96,1155.74,4.87
2014,210,0.0,927.31,1036.24,3.09
2014,211,12.54,474.13,1160.97,1.95
2014,212,0.0,512.99,1235.47,12.66
2014,213,10.89,399.09,1385.07,2.98
2014,214,37.61,386.08,1373.42,15.45
2014,215,0.0,466.72,1061.34,4.22
2014,216,0.0,1268.42,1240.98,0.28
2014,217,0.0,497.85,1380.2,6.53
2014,220,0.0,570.56,1381.82,5.77
2014,221,0.0,609.84,998.26,5.66
2014,222,23.79,607.21,1161.04,3.22
2014,223,33.07,583.55,1154.93,4.78
2014,224,0.0,497.79,968.35,6.13
2014,225,17.36,760.51,1247.46,6.45
2014,226,0.0,679.11,1205.24,8.96
2014,227,0.0,511.31,1152.85,5.01
2014,228,0.0,396.16,1190.2,4.15
2014,229,0.0,1067.72,1374.17,6.96
2014,230,6.85,422.31,1233.58,2.29
2014,231,42.74,747.16,1051.96,2.27
2014,234,19.19,528.94,1227.65,5.66
2014,235,0.0,510.0,1217.4,5.72
2014,236,14.64,765.21,1322.43,5.99
2014,237,12.36,790.06,2865.12,20.19
2014,238,0.0,448.0,968.61,1.65
2014,240,0.0,957.77,1216.6,3.61
2014,241,8.72,298.74,2331.61,0.59
2014,243,11.44,281.73,975.75,2.7
2014,244,30.37,992.54,1092.1,2.76
2014,245,31.36,352.18,1217.41,4.07
2014,246,60.77,301.23,1029.84,3.01
2014,247,0.0,599.29,1003.67,1.29
2014,248,10.8,338.01,1629.7,0.56
2014,250,17.35,610.81,1075.24,6.14
2014,251,11.14,601.62,1091.82,0.56
2014,252,0.0,572.62,1418.19,4.69
2014,253,0.0,514.75,1087.77,1.94
2014,254,0.0,474.2,1444.45,9.56
2014,255,0.0,461.42,1353.19,2.55
2014,256,0.0,592.41,1164.37,8.03
2014,258,0.0,474.05,1324.14,4.55
2014,259,0.0,654.86,1305.67,6.37
2014,260,0.0,492.2,1104.8,1.26
2014,262,0.0,1580.08,2042.88,25.61
2014,263,0.0,1006.36,1253.73,16.06
2014,264,0.0,392.23,1530.09,2.46
2014,265,3.97,478.55,1320.64,3.64
2014,266,38.91,627.89,1014.56,13.14
2014,267,0.0,487.66,1101.76,1.78
2014,268,38.65,517.88,1210.83,2.76
2014,270,22.29,429.93,1064.71,4.44
2014,271,61.39,601.66,1415.93,0.97
2014,272,13.13,398.98,1170.75,3.13
2014,273,16.07,376.95,1023.61,0.53
2014,274,45.16,691.42,1219.83,6.12
2014,276,0.0,624.42,1117.16,4.22
2014,277,0.0,467.88,1224.43,3.56
2014,279,0.0,502.66,1061.14,2.78
2014,280,26.65,638.19,1040.38,5.76
2014,281,10.49,771.53,1978.63,22.2
2014,283,0.0,692.28,1246.68,0.53
2014,284,19.45,601.38,1340.83,2.96
2014,285,0.0,391.04,1179.84,1.28
2014,286,14.16,573.72,1491.74,4.0
2014,287,0.0,820.24,1065.07,7.18
2014,288,46.14,436.52,1177.96,6.59
2014,289,19.33,453.26,1163.89,5.47
2014,290,30.3,576.47,1260.14,5.56
2014,292,12.23,508.12,1313.05,12.53
2014,294,0.0,1104.1,1201.06,6.2
2014,296,20.56,648.61,943.54,4.69
2014,297,8.03,394.67,1112.04,16.5
2014,298,34.48,528.23,1456.36,7.41
2014,300,11.21,395.48,1011.36,3.03
2014,301,30.04,534.86,994.84,5.96
2014,302,21.37,570.67,2066.77,7.26
2014,303,21.34,414.08,1059.46,0.83
2014,304,0.0,517.09,1017.32,2.08
2014,305,29.92,478.41,1687.18,9.74
2014,307,43.16,398.63,1121.81,3.31
2014,309,0.0,837.47,1004.82,1.95
2014,310,0.0,735.42,1176.64,4.44
2014,311,0.0,570.88,1232.24,6.99
2014,312,0.0,507.55,1346.87,7.27
2014,314,0.0,387.52,1171.4,4.39
2014,315,42.1,402.8,1527.84,0.37
2014,316,13.31,668.5,1179.32,0.03
2014,317,0.0,1009.94,1018.14,3.2
2014,318,6.4,410.02,1349.36,2.4
2014,321,0.0,566.24,860.68,2.44
2014,322,0.0,371.39,1592.65,5.01
2014,323,0.0,433.12,1119.88,3.33
2014,325,0.0,790.6,1439.78,6.23
2014,326,12.14,392.59,1609.68,3.64
2014,327,13.88,336.72,1242.89,0.3
2014,329,22.97,277.98,1083.69,2.34
2014,332,19.39,452.88,1179.97,2.63
2014,334,25.84,564.03,1520.15,7.39
2014,335,0.0,398.36,523.57,2.32
2014,337,16.43,470.91,1538.81,7.43
2014,338,27.68,376.01,1730.81,1.08
2014,340,0.0,808.2,1208.98,8.45
2014,341,0.0,369.67,1052.62,0.81
2014,342,66.0,476.54,1461.24,0.82
2014,343,21.59,492.99,1257.8,6.5
2014,344,0.0,531.49,1556.61,3.5
2014,345,0.0,872.79,1588.89,4.86
2014,347,31.13,360.47,951.3,7.12
2014,348,0.0,535.32,1121.65,4.89
2014,349,27.29,787.84,1049.42,2.33
2014,352,20.58,302.46,1204.32,1.58
2014,353,17.36,585.84,1347.34,0.15
2014,354,14.87,1471.62,1159.76,33.37
2014,355,41.9,292.04,1206.68,6.38
2014,356,27.52,312.97,1126.34,1.65
2014,357,13.78,474.18,1854.84,5.0
2014,358,0.0,659.48,1211.86,1.59
2014,359,10.5,410.4,1404.87,8.05
2014,361,26.42,661.18,2190.11,0.59
2014,362,9.35,421.78,1179.29,1.64
2014,366,8.08,462.52,1267.33,3.13
2014,367,67.81,647.06,1289.12,1.86
2014,368,11.03,374.88,2200.42,3.95
2014,369,12.43,460.02,1077.07,2.36
2014,371,13.15,448.58,1184.52,2.43
2014,373,0.0,507.19,1156.02,3.04
2014,374,0.0,516.87,1553.72,7.95
2014,375,7.05,433.24,1250.99,4.09
2014,376,16.87,457.85,1051.77,0.73
2014,377,47.62,450.23,1206.45,5.86
2014,378,7.32,388.72,1792.18,0.51
2014,379,9.36,235.17,1347.66,8.73
2014,380,11.54,824.31,1513.62,6.81
2014,381,30.22,906.6,2782.38,119.43
2014,382,0.0,742.26,1778.34,3.19
2014,383,19.89,338.83,1713.04,1.24
2014,384,0.0,486.6,1183.58,4.35
2014,385,20.82,492.79,1385.36,1.63
2014,386,34.31,696.1,1237.12,3.95
2014,387,18.52,397.02,1613.92,3.24
2014,388,0.0,379.89,1203.51,5.3
2014,390,0.0,804.18,1272.15,3.93
2014,391,40.85,433.88,1326.74,6.48
2014,392,0.0,439.86,1240.34,6.53
2014,393,0.0,479.86,1222.84,7.28
2014,394,0.0,562.11,1213.09,8.93
2014,395,33.44,589.98,1096.0,5.54
2014,396,29.77,339.86,1215.24,0.61
2014,397,19.74,383.67,1251.71,9.75
2014,398,28.44,434.25,1205.91,3.6
2014,399,12.22,310.9,1318.55,1.72
2014,400,0.0,652.78,1165.87,5.03
2014,401,0.0,483.52,929.93,1.44
2014,402,0.0,1439.26,4393.12,8.51
2014,403,0.0,570.94,1300.52,4.62
2014,405,12.49,550.21,1296.55,4.26
2014,407,12.43,342.5,1136.81,2.69
2014,409,40.16,440.56,1195.64,2.88
2014,410,0.0,561.59,1327.63,4.85
2014,411,19.02,514.92,1706.37,4.06
2014,413,46.46,756.95,1112.15,3.52
2014,414,29.06,352.82,1008.2,2.68
2014,415,0.0,649.98,1290.99,3.5
2014,416,22.85,644.45,1025.61,4.21
2014,418,67.56,1065.98,1813.42,4.86
2014,419,23.05,413.57,1845.48,0.07
2014,421,21.65,514.71,1148.43,3.29
2014,422,0.0,663.82,1087.85,3.92
2014,423,11.77,482.04,1342.5,1.17
2014,424,0.0,420.58,1389.58,2.88
2014,425,10.87,293.37,1560.05,18.3
2014,427,0.0,734.29,1144.4,2.85
2014,428,5.83,444.5,1333.07,1.73
2014,429,11.59,564.5,1177.87,6.66
2014,430,15.23,684.18,1901.33,4.52
2014,431,30.6,419.19,1302.34,9.77
2014,433,0.0,793.12,1335.77,3.62
2014,434,0.0,546.82,1199.46,2.08
2014,435,0.0,616.84,1026.38,2.0
2014,436,13.02,420.1,1964.09,2.94
2014,437,31.2,320.18,1511.11,6.56
2014,438,0.0,1068.42,1118.49,2.74
2014,439,11.73,380.79,1267.06,1.83
2014,441,6.19,282.23,1062.41,5.74
2014,442,0.0,1084.02,1979.71,0.68
2014,443,0.0,565.11,1097.57,2.29
2014,444,0.0,482.36,1030.85,5.02
2014,445,0.0,491.9,1120.25,1.8
2014,446,0.0,435.36,1007.11,1.82
2014,447,0.0,434.55,1339.86,5.25
2014,448,7.75,395.96,1363.56,4.7
2014,450,15.98,366.55,1272.67,4.28
2014,452,40.38,602.47,1051.17,0.66
2014,453,11.31,293.1,1327.15,2.38
2014,454,4.68,424.35,1232.64,1.55
2014,455,25.82,504.34,1263.52,5.17
2014,457,0.0,636.76,1192.48,2.53
2014,458,7.03,603.09,1335.99,3.04
2014,459,31.35,689.03,2079.77,4.1
2014,460,0.0,687.3,1190.22,4.38
2014,461,22.74,392.14,1353.95,24.33
2014,462,0.0,855.06,999.37,8.13
2014,464,0.0,686.31,1323.09,9.67
2014,466,13.94,620.49,1300.6,5.61
2014,467,38.1,551.29,1061.18,3.55
2014,468,0.0,678.55,1288.81,0.63
2014,469,28.72,428.89,1531.27,2.5
2014,470,29.67,550.45,2091.49,2.41
2014,471,7.44,590.65,1691.67,1.64
2014,472,10.02,559.71,1019.8,43.01
2014,473,5.67,357.93,1318.82,7.92
2014,475,38.29,450.38,1730.08,1.64
2014,476,0.0,701.84,1365.16,5.27
2014,477,0.0,395.57,1191.97,2.44
2014,479,33.29,359.1,1287.09,10.51
2014,480,15.8,400.81,1126.16,1.36
2014,481,0.0,347.81,1043.9,1.49
2014,482,0.0,577.55,1102.73,4.16
2014,483,9.74,445.49,1111.33,0.95
2014,485,15.34,394.07,1207.13,1.31
2014,486,39.02,588.94,1121.02,3.84
2014,487,0.0,387.89,1272.17,1.91
2014,488,21.98,958.7,1112.95,1.84
2014,489,21.33,679.99,1322.0,5.81
2014,490,14.23,522.13,1142.79,3.88
2014,491,0.0,876.17,1142.62,8.94
2014,492,0.0,487.87,1345.4,3.34
2014,493,6.3,320.5,1030.45,2.07
2014,494,25.49,478.15,1324.65,2.4
2014,495,4.55,282.64,1218.76,0.28
2014,496,7.66,538.53,1439.54,3.72
2014,497,26.22,367.62,1314.37,3.29
2014,498,0.0,548.39,2211.24,4.86
2014,500,4.72,544.82,1240.72,2.48
2014,502,0.0,404.07,917.73,1.02
2014,503,12.11,715.16,1315.67,11.72
2014,504,0.0,1122.86,1101.36,8.44
2014,505,0.0,593.26,1503.69,0.41
2014,506,15.98,435.23,1194.63,4.77
2014,507,25.8,359.69,1360.54,0.09
2014,508,37.51,289.14,1193.42,2.21
2014,510,0.0,534.96,1307.81,4.54
2014,511,26.94,228.21,1241.28,0.98
2014,512,63.08,587.17,1049.5,4.0
2014,513,0.0,876.57,1338.85,3.9
2014,514,0.0,504.63,1167.64,10.2
2014,515,0.0,428.93,1554.16,1.24
2014,517,0.0,524.6,1167.54,6.85
2014,518,0.0,562.12,1017.7,1.51
2014,519,11.41,467.13,1550.37,12.66
2014,520,12.35,1640.81,3048.95,234.37
2014,521,0.0,770.19,1108.9,1.59
2014,522,0.0,894.98,1474.68,20.91
2014,524,6.5,440.4,1296.19,8.43
2014,525,51.56,565.51,1333.02,3.53
2014,526,0.0,483.64,1170.17,5.98
2014,527,9.76,508.1,965.92,2.12
2014,528,9.67,440.97,1309.72,2.7
2014,530,0.0,1451.92,1163.05,9.26
2014,531,0.0,864.36,1155.77,2.67
2014,532,0.0,946.97,1276.02,7.61
2014,533,12.67,379.05,1250.98,3.37
2014,536,22.26,867.94,1287.66,5.26
2014,537,41.19,728.09,1113.32,3.43
2014,538,8.51,596.38,2556.88,4.56
2014,539,9.5,339.08,1357.42,0.47
2014,540,18.5,870.7,2698.72,1.58
2014,541,16.62,616.65,1095.36,2.59
2014,543,15.92,413.55,1074.57,0.19
2014,545,43.19,674.66,1328.13,6.12
2014,546,0.0,616.22,1433.81,3.57
2014,548,0.0,449.97,1031.6,0.54
2014,550,28.22,448.25,1187.75,17.53
2014,551,19.0,377.05,1410.51,1.63
2014,552,46.04,474.96,1814.93,0.09
2014,555,22.16,484.96,1199.88,3.84
2014,556,12.84,277.38,1366.6,0.96
2014,557,0.0,462.73,1305.93,2.8
2014,559,0.0,659.52,1432.84,10.96
2014,560,17.88,323.41,1518.65,3.52
2014,561,0.0,683.62,1024.42,2.03
2014,562,17.3,384.9,1624.04,5.65
2014,563,13.34,428.96,1516.1,1.01
2014,564,0.0,380.91,1386.32,4.5
2014,565,0.0,378.58,992.34,2.44
2014,566,0.0,589.27,1119.15,3.33
2014,567,34.93,386.32,1208.97,3.13
2014,569,16.78,398.56,1247.55,3.41
2014,570,0.0,771.25,1130.69,1.46
2014,572,25.81,671.32,1213.66,5.73
2014,573,0.0,1163.43,1197.27,5.65
2014,574,8.72,441.18,1196.5,4.85
2014,575,19.39,374.16,1011.72,0.44
2014,576,0.0,941.63,1446.94,7.9
2014,577,28.94,533.14,1858.98,3.36
2014,578,0.0,751.86,1173.04,12.39
2014,580,24.53,590.13,1066.56,4.02
2014,582,20.83,548.41,1598.09,8.47
2014,583,9.96,425.49,1352.27,0.81
2014,584,56.85,981.38,1003.87,4.41
2014,585,24.22,462.4,1224.59,1.71
2014,587,14.06,505.24,1174.08,1.54
2014,588,24.62,719.04,1320.55,4.22
2014,589,42.47,515.45,1094.25,5.15
2014,590,0.0,881.87,1349.73,8.34
2014,591,12.14,612.42,1304.0,2.48
2014,592,67.87,410.56,1063.9,3.8
2014,593,0.0,671.97,1053.27,1.55
2014,594,0.0,552.39,1153.5,7.06
2014,597,0.0,633.38,1351.5,5.72
2014,598,0.0,379.98,1158.07,4.0
2014,599,0.0,595.36,1402.5,4.16
2014,600,28.11,404.03,1454.89,0.71
2014,601,0.0,478.52,1104.48,2.65
2014,602,19.75,363.0,1255.95,2.75
2014,603,9.41,496.71,1257.03,5.28
2014,604,19.26,650.01,1553.87,11.89
2014,607,33.39,274.57,1380.63,1.41
2014,608,10.31,418.74,1421.02,5.65
2014,611,26.44,819.65,1129.39,4.6
2014,613,0.0,266.28,1098.47,1.76
2014,614,31.91,395.11,1219.44,3.8
2014,616,16.1,500.38,1296.06,1.97
2014,617,0.0,463.2,1004.32,7.89
2014,618,31.01,450.07,1447.47,3.91
2014,620,0.0,896.9,1378.75,6.83
2014,621,0.0,549.12,1222.7,0.03
2014,622,0.0,761.53,1137.79,4.34
2014,623,33.8,786.11,1192.66,4.36
2014,624,16.15,609.52,1472.36,5.28
2014,625,10.45,491.85,1458.91,1.06
2014,627,0.0,768.2,1448.06,6.11
2014,628,6.52,424.43,1394.23,7.74
2014,629,25.19,271.85,1307.13,6.56
2014,630,19.42,328.02,1044.23,1.24
2014,631,15.22,569.66,1315.51,2.3
2014,632,0.0,446.07,1159.82,3.49
2014,633,40.96,563.58,1337.03,6.23
2014,634,0.0,700.77,1242.46,6.8
2014,635,24.98,816.68,1381.43,7.45
2014,637,48.26,207.28,1451.49,0.13
2014,638,26.14,614.52,1255.27,0.08
2014,639,22.0,1108.47,1756.07,42.61
2014,640,28.17,622.04,1090.88,9.9
2014,641,0.0,468.05,1061.57,4.76
2014,642,0.0,709.32,1348.73,8.61
2014,644,0.0,452.52,1235.34,6.84
2014,647,17.18,512.71,1099.89,21.3
2014,650,0.0,619.75,967.4,2.56
2014,651,7.33,379.68,1076.67,4.56
2014,653,0.0,987.29,1104.12,10.16
2014,654,14.56,390.22,1393.96,4.13
2014,655,0.0,903.48,1262.77,6.05
2014,657,0.0,402.42,1098.9,0.01
2014,658,10.08,541.52,1542.06,1.82
2014,659,36.43,418.73,1809.5,0.21
2014,661,8.37,810.44,1450.88,9.2
2014,662,5.1,297.93,1158.25,6.75
2014,663,14.58,461.86,1756.92,8.09
2014,664,28.7,643.91,1752.05,2.1
2014,665,26.03,591.48,1094.0,2.86
2014,666,0.0,1032.39,1089.36,4.31
2014,668,50.86,193.01,1156.62,2.09
2014,671,21.74,458.05,927.8,1.24
2014,672,50.4,780.01,917.82,2.78
2014,673,16.52,359.42,1122.53,3.3
2014,674,17.64,554.45,2019.35,8.15
2014,675,48.29,346.07,1798.81,20.34
2014,676,26.65,467.41,1176.56,3.29
2014,677,28.43,484.96,1117.24,6.04
2014,678,0.0,521.68,1240.04,1.36
2014,679,34.73,371.36,1003.89,2.98
2014,682,40.06,372.8,1015.11,3.86
2014,684,52.66,583.55,1181.94,5.31
2014,685,10.59,410.32,1815.9,39.86
2014,686,0.0,694.19,1324.61,16.91
2014,688,0.0,576.13,1103.72,3.77
2014,690,12.49,469.81,1143.97,4.36
2014,692,0.0,1090.16,1266.06,11.58
2014,693,21.71,642.87,1199.44,5.79
2014,694,11.65,446.41,1087.23,1.4
2014,695,25.67,305.36,1471.88,9.84
2014,696,24.86,786.04,1193.72,16.43
2014,697,26.16,709.84,1150.6,2.92
2014,698,17.3,391.89,1251.43,10.88
2014,700,0.0,897.03,1491.57,6.37
2014,701,0.0,550.03,1015.68,5.66
2014,702,16.99,480.41,1048.66,3.06
2014,703,15.4,388.22,1199.21,11.0
2014,705,0.0,895.54,1287.81,11.99
2014,707,4.32,346.01,1353.74,1.71
2014,710,36.98,703.48,1185.78,2.43
2014,711,23.05,345.26,1223.54,3.89
2014,712,0.0,627.34,964.71,4.02
2014,713,16.72,483.68,1273.75,1.21
2014,714,0.0,603.81,1270.7,2.45
2014,715,0.0,804.77,1355.66,15.49
2014,716,38.62,574.46,1192.82,6.28
2014,718,68.35,547.11,1297.48,0.5
2014,719,0.0,522.64,1116.65,67.74
2014,720,31.93,914.4,1315.06,10.75
2014,721,28.85,443.02,1214.67,11.76
2014,722,10.23,4428.71,1997.74,13.22
2014,723,32.72,870.33,1017.56,5.08
2014,724,25.1,405.5,1251.84,1.04
2014,725,18.86,392.72,1607.15,7.08
2014,726,29.04,587.6,1226.94,15.39
2014,727,0.0,732.27,1017.57,11.84
2014,728,0.0,919.08,1252.89,7.48
2014,730,17.07,394.22,1359.99,2.03
2014,731,13.02,278.88,1882.04,1.99
2014,732,19.52,544.85,1130.85,2.77
2014,733,19.28,503.98,1052.6,3.51
2014,734,12.7,442.65,1145.13,3.0
2014,736,4.48,377.66,940.6,6.2
2014,737,12.86,499.02,1137.44,2.93
2014,738,7.98,411.7,1156.11,1.85
2014,739,93.98,606.97,1775.69,3.56
2014,740,14.75,526.6,3222.12,3.98
2014,742,49.08,665.02,1168.73,4.71
2014,743,0.0,642.9,1145.51,2.93
2014,744,0.0,442.31,1393.5,8.14
2014,745,0.0,663.2,1489.12,6.24
2014,748,0.0,614.57,1078.03,14.88
2014,752,17.95,499.08,1224.0,5.29
2014,753,11.97,393.91,1163.27,8.16
2014,754,19.46,438.97,1362.77,1.93
2014,755,0.0,742.24,1408.71,2.34
2014,757,0.0,1288.29,1227.34,8.99
2014,758,0.0,710.84,1108.21,1.84
2014,759,37.57,452.14,1005.53,1.69
2014,761,6.16,348.25,1394.65,74.3
2014,762,0.0,778.05,1245.49,15.65
2014,764,0.0,267.04,1146.36,2.65
2014,765,0.0,590.28,1229.16,2.05
2014,766,14.1,435.56,1236.3,21.11
2014,768,0.0,698.09,1327.53,0.42
2014,769,17.88,570.08,1000.71,20.73
2014,770,7.75,726.15,2076.56,9.82
2014,771,0.0,844.87,1304.34,5.93
2014,772,0.0,663.58,1051.45,3.89
2014,774,13.83,502.74,1103.96,1.07
2014,775,53.53,980.34,1317.04,49.43
2014,776,0.0,704.41,1067.18,2.14
2014,778,0.0,868.47,1016.84,6.65
2014,779,0.0,341.66,989.7,2.66
2014,780,14.03,487.36,954.52,2.88
2014,781,0.0,894.32,1238.0,7.19
2014,782,23.7,604.12,1094.08,4.05
2014,783,0.0,2253.8,1123.24,0.38
2014,784,9.48,689.67,1487.46,8.91
2014,785,23.78,412.96,1522.55,4.33
2014,786,13.26,501.19,1149.65,27.35
2014,789,14.4,356.5,1291.81,1.18
2014,790,28.02,367.15,1666.61,5.16
2014,791,9.19,456.36,1041.72,1.71
2014,792,0.0,989.4,1382.67,5.55
2014,793,0.0,704.63,1282.63,6.92
2014,794,0.0,1234.77,1332.65,2.39
2014,795,5.47,396.35,1227.76,2.36
2014,797,0.0,581.71,1199.77,5.02
2014,799,19.41,360.82,1153.8,3.89
2014,800,31.88,730.7,975.97,11.74
2014,801,0.0,1036.16,2554.13,21.33
2014,803,79.07,926.95,1305.49,7.75
2014,804,13.99,273.53,1053.33,2.65
2014,806,18.55,306.05,1353.99,0.01
2014,808,0.0,556.55,1149.5,5.78
2014,809,14.48,704.05,1548.18,9.26
2014,810,31.6,296.13,1274.75,3.46
2014,811,0.0,717.34,1235.38,3.37
2014,812,34.7,786.43,1313.9,1.84
2014,813,0.0,500.86,1174.74,6.03
2014,814,9.62,380.07,1541.59,3.2
2014,816,5.57,449.71,1263.73,11.15
2014,819,11.08,468.18,1431.98,8.42
2014,820,0.0,743.53,1164.21,5.32
2014,821,25.61,345.17,1434.8,1.01
2014,823,33.22,396.33,1104.2,2.43
2014,824,17.23,424.86,2007.31,2.96
2014,825,20.53,548.45,2029.0,2.55
2014,826,36.97,582.93,1110.66,15.77
2014,827,15.47,379.48,1504.11,0.58
2014,828,0.0,808.94,1285.51,6.32
2014,829,0.0,945.44,1248.97,15.93
2014,830,9.72,461.7,1282.16,7.5
2014,831,14.7,425.84,1081.14,1.21
2014,832,0.0,411.97,1197.66,2.33
2014,835,8.94,456.31,1703.07,26.17
2014,837,30.72,410.33,1396.5,1.29
2014,838,5.23,559.01,1199.25,3.78
2014,839,5.07,390.28,1828.47,11.65
2014,841,18.02,680.55,933.76,3.29
2014,842,0.0,1365.0,1448.41,5.57
2014,843,21.33,564.03,1254.64,4.95
2014,844,43.05,524.49,2136.17,0.12
2014,845,33.23,383.47,2558.08,2.06
2014,846,0.0,906.44,1024.57,9.55
2014,847,14.69,383.45,1234.1,2.0
2014,849,0.0,406.17,1321.07,1.7
2014,850,17.67,666.66,1377.6,1.46
2014,851,28.99,397.17,1317.08,3.31
2014,853,0.0,720.07,1314.75,7.18
